file,line,column,type,code,message,docs,severity,link
includes/class-ai-readability-settings.php,225,29,ERROR,WordPress.WP.I18n.MissingTranslatorsComment,"A function call to __() with texts containing placeholders was found, but was not accompanied by a ""translators:"" comment on the line above to clarify the meaning of the placeholders.",https://developer.wordpress.org/plugins/internationalization/how-to-internationalize-your-plugin/#descriptions,5,https://playground.wordpress.net/scope:confident-vintage-city/wp-admin/plugin-editor.php?plugin=ai-readability-optimizer%2Fai-readability-optimizer.php&file=ai-readability-optimizer%2Fincludes%2Fclass-ai-readability-settings.php&line=225
includes/class-ai-readability-gutenberg.php,255,43,ERROR,WordPress.WP.I18n.MissingTranslatorsComment,"A function call to __() with texts containing placeholders was found, but was not accompanied by a ""translators:"" comment on the line above to clarify the meaning of the placeholders.",https://developer.wordpress.org/plugins/internationalization/how-to-internationalize-your-plugin/#descriptions,5,https://playground.wordpress.net/scope:confident-vintage-city/wp-admin/plugin-editor.php?plugin=ai-readability-optimizer%2Fai-readability-optimizer.php&file=ai-readability-optimizer%2Fincludes%2Fclass-ai-readability-gutenberg.php&line=255
includes/class-ai-readability-gutenberg.php,295,9,WARNING,WordPress.DB.DirectDatabaseQuery.DirectQuery,"Use of a direct database call is discouraged.",,5,https://playground.wordpress.net/scope:confident-vintage-city/wp-admin/plugin-editor.php?plugin=ai-readability-optimizer%2Fai-readability-optimizer.php&file=ai-readability-optimizer%2Fincludes%2Fclass-ai-readability-gutenberg.php&line=295
includes/class-ai-readability-gutenberg.php,380,20,WARNING,WordPress.DB.DirectDatabaseQuery.DirectQuery,"Use of a direct database call is discouraged.",,5,https://playground.wordpress.net/scope:confident-vintage-city/wp-admin/plugin-editor.php?plugin=ai-readability-optimizer%2Fai-readability-optimizer.php&file=ai-readability-optimizer%2Fincludes%2Fclass-ai-readability-gutenberg.php&line=380
includes/class-ai-readability-gutenberg.php,380,20,WARNING,WordPress.DB.DirectDatabaseQuery.NoCaching,"Direct database call without caching detected. Consider using wp_cache_get() / wp_cache_set() or wp_cache_delete().",,5,https://playground.wordpress.net/scope:confident-vintage-city/wp-admin/plugin-editor.php?plugin=ai-readability-optimizer%2Fai-readability-optimizer.php&file=ai-readability-optimizer%2Fincludes%2Fclass-ai-readability-gutenberg.php&line=380
includes/class-ai-readability-gutenberg.php,380,27,WARNING,PluginCheck.Security.DirectDB.UnescapedDBParameter,"Unescaped parameter $table_name used in $wpdb-&gt;get_results()\n$table_name assigned unsafely at line 378.",,5,https://playground.wordpress.net/scope:confident-vintage-city/wp-admin/plugin-editor.php?plugin=ai-readability-optimizer%2Fai-readability-optimizer.php&file=ai-readability-optimizer%2Fincludes%2Fclass-ai-readability-gutenberg.php&line=380
includes/class-ai-readability-gutenberg.php,384,1,WARNING,WordPress.DB.PreparedSQL.InterpolatedNotPrepared,"Use placeholders and $wpdb-&gt;prepare(); found interpolated variable $table_name at              FROM $table_name \n",,5,https://playground.wordpress.net/scope:confident-vintage-city/wp-admin/plugin-editor.php?plugin=ai-readability-optimizer%2Fai-readability-optimizer.php&file=ai-readability-optimizer%2Fincludes%2Fclass-ai-readability-gutenberg.php&line=384
templates/dashboard.php,7,1,WARNING,WordPress.NamingConventions.PrefixAllGlobals.NonPrefixedVariableFound,"Global variables defined by a theme/plugin should start with the theme/plugin prefix. Found: &quot;$table_name&quot;.",,6,https://playground.wordpress.net/scope:confident-vintage-city/wp-admin/plugin-editor.php?plugin=ai-readability-optimizer%2Fai-readability-optimizer.php&file=ai-readability-optimizer%2Ftemplates%2Fdashboard.php&line=7
templates/dashboard.php,8,1,WARNING,WordPress.NamingConventions.PrefixAllGlobals.NonPrefixedVariableFound,"Global variables defined by a theme/plugin should start with the theme/plugin prefix. Found: &quot;$period&quot;.",,6,https://playground.wordpress.net/scope:confident-vintage-city/wp-admin/plugin-editor.php?plugin=ai-readability-optimizer%2Fai-readability-optimizer.php&file=ai-readability-optimizer%2Ftemplates%2Fdashboard.php&line=8
templates/dashboard.php,8,18,WARNING,WordPress.Security.NonceVerification.Recommended,"Processing form data without nonce verification.",,5,https://playground.wordpress.net/scope:confident-vintage-city/wp-admin/plugin-editor.php?plugin=ai-readability-optimizer%2Fai-readability-optimizer.php&file=ai-readability-optimizer%2Ftemplates%2Fdashboard.php&line=8
templates/dashboard.php,8,46,WARNING,WordPress.Security.NonceVerification.Recommended,"Processing form data without nonce verification.",,5,https://playground.wordpress.net/scope:confident-vintage-city/wp-admin/plugin-editor.php?plugin=ai-readability-optimizer%2Fai-readability-optimizer.php&file=ai-readability-optimizer%2Ftemplates%2Fdashboard.php&line=8
templates/dashboard.php,9,1,WARNING,WordPress.NamingConventions.PrefixAllGlobals.NonPrefixedVariableFound,"Global variables defined by a theme/plugin should start with the theme/plugin prefix. Found: &quot;$date_limit&quot;.",,6,https://playground.wordpress.net/scope:confident-vintage-city/wp-admin/plugin-editor.php?plugin=ai-readability-optimizer%2Fai-readability-optimizer.php&file=ai-readability-optimizer%2Ftemplates%2Fdashboard.php&line=9
templates/dashboard.php,11,1,WARNING,WordPress.NamingConventions.PrefixAllGlobals.NonPrefixedVariableFound,"Global variables defined by a theme/plugin should start with the theme/plugin prefix. Found: &quot;$averages&quot;.",,6,https://playground.wordpress.net/scope:confident-vintage-city/wp-admin/plugin-editor.php?plugin=ai-readability-optimizer%2Fai-readability-optimizer.php&file=ai-readability-optimizer%2Ftemplates%2Fdashboard.php&line=11
templates/dashboard.php,11,13,WARNING,WordPress.DB.DirectDatabaseQuery.DirectQuery,"Use of a direct database call is discouraged.",,5,https://playground.wordpress.net/scope:confident-vintage-city/wp-admin/plugin-editor.php?plugin=ai-readability-optimizer%2Fai-readability-optimizer.php&file=ai-readability-optimizer%2Ftemplates%2Fdashboard.php&line=11
templates/dashboard.php,11,13,WARNING,WordPress.DB.DirectDatabaseQuery.NoCaching,"Direct database call without caching detected. Consider using wp_cache_get() / wp_cache_set() or wp_cache_delete().",,5,https://playground.wordpress.net/scope:confident-vintage-city/wp-admin/plugin-editor.php?plugin=ai-readability-optimizer%2Fai-readability-optimizer.php&file=ai-readability-optimizer%2Ftemplates%2Fdashboard.php&line=11
templates/dashboard.php,19,1,WARNING,WordPress.DB.PreparedSQL.InterpolatedNotPrepared,"Use placeholders and $wpdb-&gt;prepare(); found interpolated variable {$table_name} at         FROM {$table_name} \n",,5,https://playground.wordpress.net/scope:confident-vintage-city/wp-admin/plugin-editor.php?plugin=ai-readability-optimizer%2Fai-readability-optimizer.php&file=ai-readability-optimizer%2Ftemplates%2Fdashboard.php&line=19
templates/dashboard.php,26,1,WARNING,WordPress.NamingConventions.PrefixAllGlobals.NonPrefixedVariableFound,"Global variables defined by a theme/plugin should start with the theme/plugin prefix. Found: &quot;$analysis_data&quot;.",,6,https://playground.wordpress.net/scope:confident-vintage-city/wp-admin/plugin-editor.php?plugin=ai-readability-optimizer%2Fai-readability-optimizer.php&file=ai-readability-optimizer%2Ftemplates%2Fdashboard.php&line=26
templates/dashboard.php,26,18,WARNING,WordPress.DB.DirectDatabaseQuery.DirectQuery,"Use of a direct database call is discouraged.",,5,https://playground.wordpress.net/scope:confident-vintage-city/wp-admin/plugin-editor.php?plugin=ai-readability-optimizer%2Fai-readability-optimizer.php&file=ai-readability-optimizer%2Ftemplates%2Fdashboard.php&line=26
templates/dashboard.php,26,18,WARNING,WordPress.DB.DirectDatabaseQuery.NoCaching,"Direct database call without caching detected. Consider using wp_cache_get() / wp_cache_set() or wp_cache_delete().",,5,https://playground.wordpress.net/scope:confident-vintage-city/wp-admin/plugin-editor.php?plugin=ai-readability-optimizer%2Fai-readability-optimizer.php&file=ai-readability-optimizer%2Ftemplates%2Fdashboard.php&line=26
templates/dashboard.php,29,1,WARNING,WordPress.DB.PreparedSQL.InterpolatedNotPrepared,"Use placeholders and $wpdb-&gt;prepare(); found interpolated variable {$table_name} at         FROM {$table_name} h \n",,5,https://playground.wordpress.net/scope:confident-vintage-city/wp-admin/plugin-editor.php?plugin=ai-readability-optimizer%2Fai-readability-optimizer.php&file=ai-readability-optimizer%2Ftemplates%2Fdashboard.php&line=29
templates/dashboard.php,39,1,WARNING,WordPress.NamingConventions.PrefixAllGlobals.NonPrefixedVariableFound,"Global variables defined by a theme/plugin should start with the theme/plugin prefix. Found: &quot;$overall_score&quot;.",,6,https://playground.wordpress.net/scope:confident-vintage-city/wp-admin/plugin-editor.php?plugin=ai-readability-optimizer%2Fai-readability-optimizer.php&file=ai-readability-optimizer%2Ftemplates%2Fdashboard.php&line=39
templates/dashboard.php,41,1,WARNING,WordPress.NamingConventions.PrefixAllGlobals.NonPrefixedVariableFound,"Global variables defined by a theme/plugin should start with the theme/plugin prefix. Found: &quot;$digital_authority&quot;.",,6,https://playground.wordpress.net/scope:confident-vintage-city/wp-admin/plugin-editor.php?plugin=ai-readability-optimizer%2Fai-readability-optimizer.php&file=ai-readability-optimizer%2Ftemplates%2Fdashboard.php&line=41
templates/dashboard.php,42,1,WARNING,WordPress.NamingConventions.PrefixAllGlobals.NonPrefixedVariableFound,"Global variables defined by a theme/plugin should start with the theme/plugin prefix. Found: &quot;$conversion_readiness&quot;.",,6,https://playground.wordpress.net/scope:confident-vintage-city/wp-admin/plugin-editor.php?plugin=ai-readability-optimizer%2Fai-readability-optimizer.php&file=ai-readability-optimizer%2Ftemplates%2Fdashboard.php&line=42
templates/dashboard.php,43,1,WARNING,WordPress.NamingConventions.PrefixAllGlobals.NonPrefixedVariableFound,"Global variables defined by a theme/plugin should start with the theme/plugin prefix. Found: &quot;$total_analyzed&quot;.",,6,https://playground.wordpress.net/scope:confident-vintage-city/wp-admin/plugin-editor.php?plugin=ai-readability-optimizer%2Fai-readability-optimizer.php&file=ai-readability-optimizer%2Ftemplates%2Fdashboard.php&line=43
templates/dashboard.php,147,29,ERROR,WordPress.WP.I18n.MissingTranslatorsComment,"A function call to esc_html__() with texts containing placeholders was found, but was not accompanied by a ""translators:"" comment on the line above to clarify the meaning of the placeholders.",https://developer.wordpress.org/plugins/internationalization/how-to-internationalize-your-plugin/#descriptions,5,https://playground.wordpress.net/scope:confident-vintage-city/wp-admin/plugin-editor.php?plugin=ai-readability-optimizer%2Fai-readability-optimizer.php&file=ai-readability-optimizer%2Ftemplates%2Fdashboard.php&line=147
templates/dashboard.php,148,29,ERROR,WordPress.Security.EscapeOutput.OutputNotEscaped,"All output should be run through an escaping function (see the Security sections in the WordPress Developer Handbooks), found '$period'.",https://developer.wordpress.org/apis/security/escaping/#escaping-functions,5,https://playground.wordpress.net/scope:confident-vintage-city/wp-admin/plugin-editor.php?plugin=ai-readability-optimizer%2Fai-readability-optimizer.php&file=ai-readability-optimizer%2Ftemplates%2Fdashboard.php&line=148
templates/dashboard.php,216,25,WARNING,WordPress.NamingConventions.PrefixAllGlobals.NonPrefixedVariableFound,"Global variables defined by a theme/plugin should start with the theme/plugin prefix. Found: &quot;$count&quot;.",,6,https://playground.wordpress.net/scope:confident-vintage-city/wp-admin/plugin-editor.php?plugin=ai-readability-optimizer%2Fai-readability-optimizer.php&file=ai-readability-optimizer%2Ftemplates%2Fdashboard.php&line=216
templates/dashboard.php,217,53,WARNING,WordPress.NamingConventions.PrefixAllGlobals.NonPrefixedVariableFound,"Global variables defined by a theme/plugin should start with the theme/plugin prefix. Found: &quot;$item&quot;.",,6,https://playground.wordpress.net/scope:confident-vintage-city/wp-admin/plugin-editor.php?plugin=ai-readability-optimizer%2Fai-readability-optimizer.php&file=ai-readability-optimizer%2Ftemplates%2Fdashboard.php&line=217
templates/dashboard.php,220,29,WARNING,WordPress.NamingConventions.PrefixAllGlobals.NonPrefixedVariableFound,"Global variables defined by a theme/plugin should start with the theme/plugin prefix. Found: &quot;$avg_score&quot;.",,6,https://playground.wordpress.net/scope:confident-vintage-city/wp-admin/plugin-editor.php?plugin=ai-readability-optimizer%2Fai-readability-optimizer.php&file=ai-readability-optimizer%2Ftemplates%2Fdashboard.php&line=220
templates/documentation.php,6,1,WARNING,WordPress.NamingConventions.PrefixAllGlobals.NonPrefixedVariableFound,"Global variables defined by a theme/plugin should start with the theme/plugin prefix. Found: &quot;$current_section&quot;.",,6,https://playground.wordpress.net/scope:confident-vintage-city/wp-admin/plugin-editor.php?plugin=ai-readability-optimizer%2Fai-readability-optimizer.php&file=ai-readability-optimizer%2Ftemplates%2Fdocumentation.php&line=6
templates/documentation.php,6,27,WARNING,WordPress.Security.NonceVerification.Recommended,"Processing form data without nonce verification.",,5,https://playground.wordpress.net/scope:confident-vintage-city/wp-admin/plugin-editor.php?plugin=ai-readability-optimizer%2Fai-readability-optimizer.php&file=ai-readability-optimizer%2Ftemplates%2Fdocumentation.php&line=6
templates/documentation.php,6,81,WARNING,WordPress.Security.NonceVerification.Recommended,"Processing form data without nonce verification.",,5,https://playground.wordpress.net/scope:confident-vintage-city/wp-admin/plugin-editor.php?plugin=ai-readability-optimizer%2Fai-readability-optimizer.php&file=ai-readability-optimizer%2Ftemplates%2Fdocumentation.php&line=6
templates/documentation.php,8,1,WARNING,WordPress.NamingConventions.PrefixAllGlobals.NonPrefixedVariableFound,"Global variables defined by a theme/plugin should start with the theme/plugin prefix. Found: &quot;$sections&quot;.",,6,https://playground.wordpress.net/scope:confident-vintage-city/wp-admin/plugin-editor.php?plugin=ai-readability-optimizer%2Fai-readability-optimizer.php&file=ai-readability-optimizer%2Ftemplates%2Fdocumentation.php&line=8
templates/documentation.php,37,42,WARNING,WordPress.NamingConventions.PrefixAllGlobals.NonPrefixedVariableFound,"Global variables defined by a theme/plugin should start with the theme/plugin prefix. Found: &quot;$key&quot;.",,6,https://playground.wordpress.net/scope:confident-vintage-city/wp-admin/plugin-editor.php?plugin=ai-readability-optimizer%2Fai-readability-optimizer.php&file=ai-readability-optimizer%2Ftemplates%2Fdocumentation.php&line=37
templates/documentation.php,37,50,WARNING,WordPress.NamingConventions.PrefixAllGlobals.NonPrefixedVariableFound,"Global variables defined by a theme/plugin should start with the theme/plugin prefix. Found: &quot;$label&quot;.",,6,https://playground.wordpress.net/scope:confident-vintage-city/wp-admin/plugin-editor.php?plugin=ai-readability-optimizer%2Fai-readability-optimizer.php&file=ai-readability-optimizer%2Ftemplates%2Fdocumentation.php&line=37
templates/documentation.php,56,55,ERROR,WordPress.WP.I18n.MissingTranslatorsComment,"A function call to __() with texts containing placeholders was found, but was not accompanied by a ""translators:"" comment on the line above to clarify the meaning of the placeholders.",https://developer.wordpress.org/plugins/internationalization/how-to-internationalize-your-plugin/#descriptions,5,https://playground.wordpress.net/scope:confident-vintage-city/wp-admin/plugin-editor.php?plugin=ai-readability-optimizer%2Fai-readability-optimizer.php&file=ai-readability-optimizer%2Ftemplates%2Fdocumentation.php&line=56
templates/documentation.php,64,55,ERROR,WordPress.WP.I18n.MissingTranslatorsComment,"A function call to __() with texts containing placeholders was found, but was not accompanied by a ""translators:"" comment on the line above to clarify the meaning of the placeholders.",https://developer.wordpress.org/plugins/internationalization/how-to-internationalize-your-plugin/#descriptions,5,https://playground.wordpress.net/scope:confident-vintage-city/wp-admin/plugin-editor.php?plugin=ai-readability-optimizer%2Fai-readability-optimizer.php&file=ai-readability-optimizer%2Ftemplates%2Fdocumentation.php&line=64
templates/score-history.php,7,1,WARNING,WordPress.NamingConventions.PrefixAllGlobals.NonPrefixedVariableFound,"Global variables defined by a theme/plugin should start with the theme/plugin prefix. Found: &quot;$table_name&quot;.",,6,https://playground.wordpress.net/scope:confident-vintage-city/wp-admin/plugin-editor.php?plugin=ai-readability-optimizer%2Fai-readability-optimizer.php&file=ai-readability-optimizer%2Ftemplates%2Fscore-history.php&line=7
templates/score-history.php,8,1,WARNING,WordPress.NamingConventions.PrefixAllGlobals.NonPrefixedVariableFound,"Global variables defined by a theme/plugin should start with the theme/plugin prefix. Found: &quot;$period&quot;.",,6,https://playground.wordpress.net/scope:confident-vintage-city/wp-admin/plugin-editor.php?plugin=ai-readability-optimizer%2Fai-readability-optimizer.php&file=ai-readability-optimizer%2Ftemplates%2Fscore-history.php&line=8
templates/score-history.php,8,18,WARNING,WordPress.Security.NonceVerification.Recommended,"Processing form data without nonce verification.",,5,https://playground.wordpress.net/scope:confident-vintage-city/wp-admin/plugin-editor.php?plugin=ai-readability-optimizer%2Fai-readability-optimizer.php&file=ai-readability-optimizer%2Ftemplates%2Fscore-history.php&line=8
templates/score-history.php,8,46,WARNING,WordPress.Security.NonceVerification.Recommended,"Processing form data without nonce verification.",,5,https://playground.wordpress.net/scope:confident-vintage-city/wp-admin/plugin-editor.php?plugin=ai-readability-optimizer%2Fai-readability-optimizer.php&file=ai-readability-optimizer%2Ftemplates%2Fscore-history.php&line=8
templates/score-history.php,9,1,WARNING,WordPress.NamingConventions.PrefixAllGlobals.NonPrefixedVariableFound,"Global variables defined by a theme/plugin should start with the theme/plugin prefix. Found: &quot;$date_limit&quot;.",,6,https://playground.wordpress.net/scope:confident-vintage-city/wp-admin/plugin-editor.php?plugin=ai-readability-optimizer%2Fai-readability-optimizer.php&file=ai-readability-optimizer%2Ftemplates%2Fscore-history.php&line=9
templates/score-history.php,11,1,WARNING,WordPress.NamingConventions.PrefixAllGlobals.NonPrefixedVariableFound,"Global variables defined by a theme/plugin should start with the theme/plugin prefix. Found: &quot;$analysis_data&quot;.",,6,https://playground.wordpress.net/scope:confident-vintage-city/wp-admin/plugin-editor.php?plugin=ai-readability-optimizer%2Fai-readability-optimizer.php&file=ai-readability-optimizer%2Ftemplates%2Fscore-history.php&line=11
templates/score-history.php,11,18,WARNING,WordPress.DB.DirectDatabaseQuery.DirectQuery,"Use of a direct database call is discouraged.",,5,https://playground.wordpress.net/scope:confident-vintage-city/wp-admin/plugin-editor.php?plugin=ai-readability-optimizer%2Fai-readability-optimizer.php&file=ai-readability-optimizer%2Ftemplates%2Fscore-history.php&line=11
templates/score-history.php,11,18,WARNING,WordPress.DB.DirectDatabaseQuery.NoCaching,"Direct database call without caching detected. Consider using wp_cache_get() / wp_cache_set() or wp_cache_delete().",,5,https://playground.wordpress.net/scope:confident-vintage-city/wp-admin/plugin-editor.php?plugin=ai-readability-optimizer%2Fai-readability-optimizer.php&file=ai-readability-optimizer%2Ftemplates%2Fscore-history.php&line=11
templates/score-history.php,14,1,WARNING,WordPress.DB.PreparedSQL.InterpolatedNotPrepared,"Use placeholders and $wpdb-&gt;prepare(); found interpolated variable {$table_name} at         FROM {$table_name} h \n",,5,https://playground.wordpress.net/scope:confident-vintage-city/wp-admin/plugin-editor.php?plugin=ai-readability-optimizer%2Fai-readability-optimizer.php&file=ai-readability-optimizer%2Ftemplates%2Fscore-history.php&line=14
templates/score-history.php,63,25,ERROR,WordPress.WP.I18n.MissingTranslatorsComment,"A function call to esc_html__() with texts containing placeholders was found, but was not accompanied by a ""translators:"" comment on the line above to clarify the meaning of the placeholders.",https://developer.wordpress.org/plugins/internationalization/how-to-internationalize-your-plugin/#descriptions,5,https://playground.wordpress.net/scope:confident-vintage-city/wp-admin/plugin-editor.php?plugin=ai-readability-optimizer%2Fai-readability-optimizer.php&file=ai-readability-optimizer%2Ftemplates%2Fscore-history.php&line=63
templates/score-history.php,64,25,ERROR,WordPress.Security.EscapeOutput.OutputNotEscaped,"All output should be run through an escaping function (see the Security sections in the WordPress Developer Handbooks), found '$period'.",https://developer.wordpress.org/apis/security/escaping/#escaping-functions,5,https://playground.wordpress.net/scope:confident-vintage-city/wp-admin/plugin-editor.php?plugin=ai-readability-optimizer%2Fai-readability-optimizer.php&file=ai-readability-optimizer%2Ftemplates%2Fscore-history.php&line=64
templates/score-history.php,83,25,WARNING,WordPress.NamingConventions.PrefixAllGlobals.NonPrefixedVariableFound,"Global variables defined by a theme/plugin should start with the theme/plugin prefix. Found: &quot;$count&quot;.",,6,https://playground.wordpress.net/scope:confident-vintage-city/wp-admin/plugin-editor.php?plugin=ai-readability-optimizer%2Fai-readability-optimizer.php&file=ai-readability-optimizer%2Ftemplates%2Fscore-history.php&line=83
templates/score-history.php,84,53,WARNING,WordPress.NamingConventions.PrefixAllGlobals.NonPrefixedVariableFound,"Global variables defined by a theme/plugin should start with the theme/plugin prefix. Found: &quot;$item&quot;.",,6,https://playground.wordpress.net/scope:confident-vintage-city/wp-admin/plugin-editor.php?plugin=ai-readability-optimizer%2Fai-readability-optimizer.php&file=ai-readability-optimizer%2Ftemplates%2Fscore-history.php&line=84
templates/score-history.php,86,29,WARNING,WordPress.NamingConventions.PrefixAllGlobals.NonPrefixedVariableFound,"Global variables defined by a theme/plugin should start with the theme/plugin prefix. Found: &quot;$avg_score&quot;.",,6,https://playground.wordpress.net/scope:confident-vintage-city/wp-admin/plugin-editor.php?plugin=ai-readability-optimizer%2Fai-readability-optimizer.php&file=ai-readability-optimizer%2Ftemplates%2Fscore-history.php&line=86
templates/settings.php,6,1,WARNING,WordPress.NamingConventions.PrefixAllGlobals.NonPrefixedVariableFound,"Global variables defined by a theme/plugin should start with the theme/plugin prefix. Found: &quot;$api_key&quot;.",,6,https://playground.wordpress.net/scope:confident-vintage-city/wp-admin/plugin-editor.php?plugin=ai-readability-optimizer%2Fai-readability-optimizer.php&file=ai-readability-optimizer%2Ftemplates%2Fsettings.php&line=6
templates/settings.php,7,1,WARNING,WordPress.NamingConventions.PrefixAllGlobals.NonPrefixedVariableFound,"Global variables defined by a theme/plugin should start with the theme/plugin prefix. Found: &quot;$industry&quot;.",,6,https://playground.wordpress.net/scope:confident-vintage-city/wp-admin/plugin-editor.php?plugin=ai-readability-optimizer%2Fai-readability-optimizer.php&file=ai-readability-optimizer%2Ftemplates%2Fsettings.php&line=7
templates/settings.php,8,1,WARNING,WordPress.NamingConventions.PrefixAllGlobals.NonPrefixedVariableFound,"Global variables defined by a theme/plugin should start with the theme/plugin prefix. Found: &quot;$cache_time&quot;.",,6,https://playground.wordpress.net/scope:confident-vintage-city/wp-admin/plugin-editor.php?plugin=ai-readability-optimizer%2Fai-readability-optimizer.php&file=ai-readability-optimizer%2Ftemplates%2Fsettings.php&line=8
templates/settings.php,9,1,WARNING,WordPress.NamingConventions.PrefixAllGlobals.NonPrefixedVariableFound,"Global variables defined by a theme/plugin should start with the theme/plugin prefix. Found: &quot;$auto_analyze&quot;.",,6,https://playground.wordpress.net/scope:confident-vintage-city/wp-admin/plugin-editor.php?plugin=ai-readability-optimizer%2Fai-readability-optimizer.php&file=ai-readability-optimizer%2Ftemplates%2Fsettings.php&line=9
templates/settings.php,10,1,WARNING,WordPress.NamingConventions.PrefixAllGlobals.NonPrefixedVariableFound,"Global variables defined by a theme/plugin should start with the theme/plugin prefix. Found: &quot;$provenance_tracking&quot;.",,6,https://playground.wordpress.net/scope:confident-vintage-city/wp-admin/plugin-editor.php?plugin=ai-readability-optimizer%2Fai-readability-optimizer.php&file=ai-readability-optimizer%2Ftemplates%2Fsettings.php&line=10
templates/settings.php,11,1,WARNING,WordPress.NamingConventions.PrefixAllGlobals.NonPrefixedVariableFound,"Global variables defined by a theme/plugin should start with the theme/plugin prefix. Found: &quot;$score_alerts&quot;.",,6,https://playground.wordpress.net/scope:confident-vintage-city/wp-admin/plugin-editor.php?plugin=ai-readability-optimizer%2Fai-readability-optimizer.php&file=ai-readability-optimizer%2Ftemplates%2Fsettings.php&line=11
templates/settings.php,12,1,WARNING,WordPress.NamingConventions.PrefixAllGlobals.NonPrefixedVariableFound,"Global variables defined by a theme/plugin should start with the theme/plugin prefix. Found: &quot;$score_threshold&quot;.",,6,https://playground.wordpress.net/scope:confident-vintage-city/wp-admin/plugin-editor.php?plugin=ai-readability-optimizer%2Fai-readability-optimizer.php&file=ai-readability-optimizer%2Ftemplates%2Fsettings.php&line=12
templates/settings.php,70,45,ERROR,WordPress.WP.I18n.MissingTranslatorsComment,"A function call to __() with texts containing placeholders was found, but was not accompanied by a ""translators:"" comment on the line above to clarify the meaning of the placeholders.",https://developer.wordpress.org/plugins/internationalization/how-to-internationalize-your-plugin/#descriptions,5,https://playground.wordpress.net/scope:confident-vintage-city/wp-admin/plugin-editor.php?plugin=ai-readability-optimizer%2Fai-readability-optimizer.php&file=ai-readability-optimizer%2Ftemplates%2Fsettings.php&line=70
templates/settings.php,193,21,WARNING,WordPress.NamingConventions.PrefixAllGlobals.NonPrefixedVariableFound,"Global variables defined by a theme/plugin should start with the theme/plugin prefix. Found: &quot;$ai_backend_enabled&quot;.",,6,https://playground.wordpress.net/scope:confident-vintage-city/wp-admin/plugin-editor.php?plugin=ai-readability-optimizer%2Fai-readability-optimizer.php&file=ai-readability-optimizer%2Ftemplates%2Fsettings.php&line=193
templates/settings.php,194,21,WARNING,WordPress.NamingConventions.PrefixAllGlobals.NonPrefixedVariableFound,"Global variables defined by a theme/plugin should start with the theme/plugin prefix. Found: &quot;$ai_score_panel&quot;.",,6,https://playground.wordpress.net/scope:confident-vintage-city/wp-admin/plugin-editor.php?plugin=ai-readability-optimizer%2Fai-readability-optimizer.php&file=ai-readability-optimizer%2Ftemplates%2Fsettings.php&line=194
templates/settings.php,195,21,WARNING,WordPress.NamingConventions.PrefixAllGlobals.NonPrefixedVariableFound,"Global variables defined by a theme/plugin should start with the theme/plugin prefix. Found: &quot;$ai_normalize&quot;.",,6,https://playground.wordpress.net/scope:confident-vintage-city/wp-admin/plugin-editor.php?plugin=ai-readability-optimizer%2Fai-readability-optimizer.php&file=ai-readability-optimizer%2Ftemplates%2Fsettings.php&line=195
templates/settings.php,284,29,WARNING,WordPress.NamingConventions.PrefixAllGlobals.NonPrefixedVariableFound,"Global variables defined by a theme/plugin should start with the theme/plugin prefix. Found: &quot;$api_client&quot;.",,6,https://playground.wordpress.net/scope:confident-vintage-city/wp-admin/plugin-editor.php?plugin=ai-readability-optimizer%2Fai-readability-optimizer.php&file=ai-readability-optimizer%2Ftemplates%2Fsettings.php&line=284
templates/settings.php,285,29,WARNING,WordPress.NamingConventions.PrefixAllGlobals.NonPrefixedVariableFound,"Global variables defined by a theme/plugin should start with the theme/plugin prefix. Found: &quot;$subscription&quot;.",,6,https://playground.wordpress.net/scope:confident-vintage-city/wp-admin/plugin-editor.php?plugin=ai-readability-optimizer%2Fai-readability-optimizer.php&file=ai-readability-optimizer%2Ftemplates%2Fsettings.php&line=285
includes/class-ai-readability-admin.php,115,21,WARNING,WordPress.Security.NonceVerification.Recommended,"Processing form data without nonce verification.",,5,https://playground.wordpress.net/scope:confident-vintage-city/wp-admin/plugin-editor.php?plugin=ai-readability-optimizer%2Fai-readability-optimizer.php&file=ai-readability-optimizer%2Fincludes%2Fclass-ai-readability-admin.php&line=115
includes/class-ai-readability-admin.php,115,81,WARNING,WordPress.Security.NonceVerification.Recommended,"Processing form data without nonce verification.",,5,https://playground.wordpress.net/scope:confident-vintage-city/wp-admin/plugin-editor.php?plugin=ai-readability-optimizer%2Fai-readability-optimizer.php&file=ai-readability-optimizer%2Fincludes%2Fclass-ai-readability-admin.php&line=115
includes/class-ai-readability-admin.php,116,42,WARNING,WordPress.Security.NonceVerification.Recommended,"Processing form data without nonce verification.",,5,https://playground.wordpress.net/scope:confident-vintage-city/wp-admin/plugin-editor.php?plugin=ai-readability-optimizer%2Fai-readability-optimizer.php&file=ai-readability-optimizer%2Fincludes%2Fclass-ai-readability-admin.php&line=116
includes/class-ai-readability-admin.php,116,92,WARNING,WordPress.Security.NonceVerification.Recommended,"Processing form data without nonce verification.",,5,https://playground.wordpress.net/scope:confident-vintage-city/wp-admin/plugin-editor.php?plugin=ai-readability-optimizer%2Fai-readability-optimizer.php&file=ai-readability-optimizer%2Fincludes%2Fclass-ai-readability-admin.php&line=116
includes/class-ai-readability-admin.php,193,20,WARNING,WordPress.DB.DirectDatabaseQuery.DirectQuery,"Use of a direct database call is discouraged.",,5,https://playground.wordpress.net/scope:confident-vintage-city/wp-admin/plugin-editor.php?plugin=ai-readability-optimizer%2Fai-readability-optimizer.php&file=ai-readability-optimizer%2Fincludes%2Fclass-ai-readability-admin.php&line=193
includes/class-ai-readability-admin.php,193,20,WARNING,WordPress.DB.DirectDatabaseQuery.NoCaching,"Direct database call without caching detected. Consider using wp_cache_get() / wp_cache_set() or wp_cache_delete().",,5,https://playground.wordpress.net/scope:confident-vintage-city/wp-admin/plugin-editor.php?plugin=ai-readability-optimizer%2Fai-readability-optimizer.php&file=ai-readability-optimizer%2Fincludes%2Fclass-ai-readability-admin.php&line=193
includes/class-ai-readability-admin.php,193,27,WARNING,PluginCheck.Security.DirectDB.UnescapedDBParameter,"Unescaped parameter $table_name used in $wpdb-&gt;get_results()",,5,https://playground.wordpress.net/scope:confident-vintage-city/wp-admin/plugin-editor.php?plugin=ai-readability-optimizer%2Fai-readability-optimizer.php&file=ai-readability-optimizer%2Fincludes%2Fclass-ai-readability-admin.php&line=193
includes/class-ai-readability-admin.php,196,1,WARNING,WordPress.DB.PreparedSQL.InterpolatedNotPrepared,"Use placeholders and $wpdb-&gt;prepare(); found interpolated variable {$table_name} at                 FROM {$table_name} h \n",,5,https://playground.wordpress.net/scope:confident-vintage-city/wp-admin/plugin-editor.php?plugin=ai-readability-optimizer%2Fai-readability-optimizer.php&file=ai-readability-optimizer%2Fincludes%2Fclass-ai-readability-admin.php&line=196
includes/class-ai-readability-admin.php,214,19,WARNING,WordPress.DB.DirectDatabaseQuery.DirectQuery,"Use of a direct database call is discouraged.",,5,https://playground.wordpress.net/scope:confident-vintage-city/wp-admin/plugin-editor.php?plugin=ai-readability-optimizer%2Fai-readability-optimizer.php&file=ai-readability-optimizer%2Fincludes%2Fclass-ai-readability-admin.php&line=214
includes/class-ai-readability-admin.php,214,19,WARNING,WordPress.DB.DirectDatabaseQuery.NoCaching,"Direct database call without caching detected. Consider using wp_cache_get() / wp_cache_set() or wp_cache_delete().",,5,https://playground.wordpress.net/scope:confident-vintage-city/wp-admin/plugin-editor.php?plugin=ai-readability-optimizer%2Fai-readability-optimizer.php&file=ai-readability-optimizer%2Fincludes%2Fclass-ai-readability-admin.php&line=214
includes/class-ai-readability-admin.php,214,26,WARNING,PluginCheck.Security.DirectDB.UnescapedDBParameter,"Unescaped parameter $table_name used in $wpdb-&gt;get_row()",,5,https://playground.wordpress.net/scope:confident-vintage-city/wp-admin/plugin-editor.php?plugin=ai-readability-optimizer%2Fai-readability-optimizer.php&file=ai-readability-optimizer%2Fincludes%2Fclass-ai-readability-admin.php&line=214
includes/class-ai-readability-admin.php,222,1,WARNING,WordPress.DB.PreparedSQL.InterpolatedNotPrepared,"Use placeholders and $wpdb-&gt;prepare(); found interpolated variable {$table_name} at                 FROM {$table_name} \n",,5,https://playground.wordpress.net/scope:confident-vintage-city/wp-admin/plugin-editor.php?plugin=ai-readability-optimizer%2Fai-readability-optimizer.php&file=ai-readability-optimizer%2Fincludes%2Fclass-ai-readability-admin.php&line=222
includes/class-ai-readability-ajax.php,48,28,WARNING,WordPress.Security.NonceVerification.Missing,"Processing form data without nonce verification.",,5,https://playground.wordpress.net/scope:confident-vintage-city/wp-admin/plugin-editor.php?plugin=ai-readability-optimizer%2Fai-readability-optimizer.php&file=ai-readability-optimizer%2Fincludes%2Fclass-ai-readability-ajax.php&line=48
includes/class-ai-readability-ajax.php,48,76,WARNING,WordPress.Security.NonceVerification.Missing,"Processing form data without nonce verification.",,5,https://playground.wordpress.net/scope:confident-vintage-city/wp-admin/plugin-editor.php?plugin=ai-readability-optimizer%2Fai-readability-optimizer.php&file=ai-readability-optimizer%2Fincludes%2Fclass-ai-readability-ajax.php&line=48
includes/class-ai-readability-ajax.php,49,28,WARNING,WordPress.Security.NonceVerification.Missing,"Processing form data without nonce verification.",,5,https://playground.wordpress.net/scope:confident-vintage-city/wp-admin/plugin-editor.php?plugin=ai-readability-optimizer%2Fai-readability-optimizer.php&file=ai-readability-optimizer%2Fincludes%2Fclass-ai-readability-ajax.php&line=49
includes/class-ai-readability-ajax.php,49,81,WARNING,WordPress.Security.NonceVerification.Missing,"Processing form data without nonce verification.",,5,https://playground.wordpress.net/scope:confident-vintage-city/wp-admin/plugin-editor.php?plugin=ai-readability-optimizer%2Fai-readability-optimizer.php&file=ai-readability-optimizer%2Fincludes%2Fclass-ai-readability-ajax.php&line=49
includes/class-ai-readability-ajax.php,50,28,WARNING,WordPress.Security.NonceVerification.Missing,"Processing form data without nonce verification.",,5,https://playground.wordpress.net/scope:confident-vintage-city/wp-admin/plugin-editor.php?plugin=ai-readability-optimizer%2Fai-readability-optimizer.php&file=ai-readability-optimizer%2Fincludes%2Fclass-ai-readability-ajax.php&line=50
includes/class-ai-readability-ajax.php,50,84,WARNING,WordPress.Security.NonceVerification.Missing,"Processing form data without nonce verification.",,5,https://playground.wordpress.net/scope:confident-vintage-city/wp-admin/plugin-editor.php?plugin=ai-readability-optimizer%2Fai-readability-optimizer.php&file=ai-readability-optimizer%2Fincludes%2Fclass-ai-readability-ajax.php&line=50
includes/class-ai-readability-ajax.php,51,28,WARNING,WordPress.Security.NonceVerification.Missing,"Processing form data without nonce verification.",,5,https://playground.wordpress.net/scope:confident-vintage-city/wp-admin/plugin-editor.php?plugin=ai-readability-optimizer%2Fai-readability-optimizer.php&file=ai-readability-optimizer%2Fincludes%2Fclass-ai-readability-ajax.php&line=51
includes/class-ai-readability-ajax.php,51,58,WARNING,WordPress.Security.NonceVerification.Missing,"Processing form data without nonce verification.",,5,https://playground.wordpress.net/scope:confident-vintage-city/wp-admin/plugin-editor.php?plugin=ai-readability-optimizer%2Fai-readability-optimizer.php&file=ai-readability-optimizer%2Fincludes%2Fclass-ai-readability-ajax.php&line=51
includes/class-ai-readability-ajax.php,85,9,WARNING,WordPress.DB.DirectDatabaseQuery.DirectQuery,"Use of a direct database call is discouraged.",,5,https://playground.wordpress.net/scope:confident-vintage-city/wp-admin/plugin-editor.php?plugin=ai-readability-optimizer%2Fai-readability-optimizer.php&file=ai-readability-optimizer%2Fincludes%2Fclass-ai-readability-ajax.php&line=85
includes/class-ai-readability-ajax.php,104,27,WARNING,WordPress.Security.NonceVerification.Missing,"Processing form data without nonce verification.",,5,https://playground.wordpress.net/scope:confident-vintage-city/wp-admin/plugin-editor.php?plugin=ai-readability-optimizer%2Fai-readability-optimizer.php&file=ai-readability-optimizer%2Fincludes%2Fclass-ai-readability-ajax.php&line=104
includes/class-ai-readability-ajax.php,104,57,WARNING,WordPress.Security.NonceVerification.Missing,"Processing form data without nonce verification.",,5,https://playground.wordpress.net/scope:confident-vintage-city/wp-admin/plugin-editor.php?plugin=ai-readability-optimizer%2Fai-readability-optimizer.php&file=ai-readability-optimizer%2Fincludes%2Fclass-ai-readability-ajax.php&line=104
includes/class-ai-readability-ajax.php,113,19,WARNING,WordPress.DB.DirectDatabaseQuery.DirectQuery,"Use of a direct database call is discouraged.",,5,https://playground.wordpress.net/scope:confident-vintage-city/wp-admin/plugin-editor.php?plugin=ai-readability-optimizer%2Fai-readability-optimizer.php&file=ai-readability-optimizer%2Fincludes%2Fclass-ai-readability-ajax.php&line=113
includes/class-ai-readability-ajax.php,113,19,WARNING,WordPress.DB.DirectDatabaseQuery.NoCaching,"Direct database call without caching detected. Consider using wp_cache_get() / wp_cache_set() or wp_cache_delete().",,5,https://playground.wordpress.net/scope:confident-vintage-city/wp-admin/plugin-editor.php?plugin=ai-readability-optimizer%2Fai-readability-optimizer.php&file=ai-readability-optimizer%2Fincludes%2Fclass-ai-readability-ajax.php&line=113
includes/class-ai-readability-ajax.php,113,26,WARNING,PluginCheck.Security.DirectDB.UnescapedDBParameter,"Unescaped parameter $table_name used in $wpdb-&gt;get_row()\n$table_name assigned unsafely at line 111.",,5,https://playground.wordpress.net/scope:confident-vintage-city/wp-admin/plugin-editor.php?plugin=ai-readability-optimizer%2Fai-readability-optimizer.php&file=ai-readability-optimizer%2Fincludes%2Fclass-ai-readability-ajax.php&line=113
includes/class-ai-readability-ajax.php,115,17,WARNING,WordPress.DB.PreparedSQL.InterpolatedNotPrepared,"Use placeholders and $wpdb-&gt;prepare(); found interpolated variable {$table_name} at &quot;SELECT * FROM {$table_name} WHERE post_id = %d ORDER BY analyzed_at DESC LIMIT 1&quot;",,5,https://playground.wordpress.net/scope:confident-vintage-city/wp-admin/plugin-editor.php?plugin=ai-readability-optimizer%2Fai-readability-optimizer.php&file=ai-readability-optimizer%2Fincludes%2Fclass-ai-readability-ajax.php&line=115
includes/class-ai-readability-ajax.php,133,26,WARNING,WordPress.Security.NonceVerification.Missing,"Processing form data without nonce verification.",,5,https://playground.wordpress.net/scope:confident-vintage-city/wp-admin/plugin-editor.php?plugin=ai-readability-optimizer%2Fai-readability-optimizer.php&file=ai-readability-optimizer%2Fincludes%2Fclass-ai-readability-ajax.php&line=133
includes/class-ai-readability-ajax.php,133,55,WARNING,WordPress.Security.NonceVerification.Missing,"Processing form data without nonce verification.",,5,https://playground.wordpress.net/scope:confident-vintage-city/wp-admin/plugin-editor.php?plugin=ai-readability-optimizer%2Fai-readability-optimizer.php&file=ai-readability-optimizer%2Fincludes%2Fclass-ai-readability-ajax.php&line=133
includes/class-ai-readability-ajax.php,139,21,WARNING,WordPress.DB.DirectDatabaseQuery.DirectQuery,"Use of a direct database call is discouraged.",,5,https://playground.wordpress.net/scope:confident-vintage-city/wp-admin/plugin-editor.php?plugin=ai-readability-optimizer%2Fai-readability-optimizer.php&file=ai-readability-optimizer%2Fincludes%2Fclass-ai-readability-ajax.php&line=139
includes/class-ai-readability-ajax.php,139,21,WARNING,WordPress.DB.DirectDatabaseQuery.NoCaching,"Direct database call without caching detected. Consider using wp_cache_get() / wp_cache_set() or wp_cache_delete().",,5,https://playground.wordpress.net/scope:confident-vintage-city/wp-admin/plugin-editor.php?plugin=ai-readability-optimizer%2Fai-readability-optimizer.php&file=ai-readability-optimizer%2Fincludes%2Fclass-ai-readability-ajax.php&line=139
includes/class-ai-readability-ajax.php,139,28,WARNING,PluginCheck.Security.DirectDB.UnescapedDBParameter,"Unescaped parameter $table_name used in $wpdb-&gt;get_row()",,5,https://playground.wordpress.net/scope:confident-vintage-city/wp-admin/plugin-editor.php?plugin=ai-readability-optimizer%2Fai-readability-optimizer.php&file=ai-readability-optimizer%2Fincludes%2Fclass-ai-readability-ajax.php&line=139
includes/class-ai-readability-ajax.php,147,1,WARNING,WordPress.DB.PreparedSQL.InterpolatedNotPrepared,"Use placeholders and $wpdb-&gt;prepare(); found interpolated variable {$table_name} at                 FROM {$table_name} \n",,5,https://playground.wordpress.net/scope:confident-vintage-city/wp-admin/plugin-editor.php?plugin=ai-readability-optimizer%2Fai-readability-optimizer.php&file=ai-readability-optimizer%2Fincludes%2Fclass-ai-readability-ajax.php&line=147
includes/class-ai-readability-ajax.php,154,23,WARNING,WordPress.DB.DirectDatabaseQuery.DirectQuery,"Use of a direct database call is discouraged.",,5,https://playground.wordpress.net/scope:confident-vintage-city/wp-admin/plugin-editor.php?plugin=ai-readability-optimizer%2Fai-readability-optimizer.php&file=ai-readability-optimizer%2Fincludes%2Fclass-ai-readability-ajax.php&line=154
includes/class-ai-readability-ajax.php,154,23,WARNING,WordPress.DB.DirectDatabaseQuery.NoCaching,"Direct database call without caching detected. Consider using wp_cache_get() / wp_cache_set() or wp_cache_delete().",,5,https://playground.wordpress.net/scope:confident-vintage-city/wp-admin/plugin-editor.php?plugin=ai-readability-optimizer%2Fai-readability-optimizer.php&file=ai-readability-optimizer%2Fincludes%2Fclass-ai-readability-ajax.php&line=154
includes/class-ai-readability-ajax.php,154,30,WARNING,PluginCheck.Security.DirectDB.UnescapedDBParameter,"Unescaped parameter $table_name used in $wpdb-&gt;get_results()",,5,https://playground.wordpress.net/scope:confident-vintage-city/wp-admin/plugin-editor.php?plugin=ai-readability-optimizer%2Fai-readability-optimizer.php&file=ai-readability-optimizer%2Fincludes%2Fclass-ai-readability-ajax.php&line=154
includes/class-ai-readability-ajax.php,162,1,WARNING,WordPress.DB.PreparedSQL.InterpolatedNotPrepared,"Use placeholders and $wpdb-&gt;prepare(); found interpolated variable {$table_name} at                 FROM {$table_name} \n",,5,https://playground.wordpress.net/scope:confident-vintage-city/wp-admin/plugin-editor.php?plugin=ai-readability-optimizer%2Fai-readability-optimizer.php&file=ai-readability-optimizer%2Fincludes%2Fclass-ai-readability-ajax.php&line=162
includes/class-ai-readability-ajax.php,171,25,WARNING,WordPress.DB.DirectDatabaseQuery.DirectQuery,"Use of a direct database call is discouraged.",,5,https://playground.wordpress.net/scope:confident-vintage-city/wp-admin/plugin-editor.php?plugin=ai-readability-optimizer%2Fai-readability-optimizer.php&file=ai-readability-optimizer%2Fincludes%2Fclass-ai-readability-ajax.php&line=171
includes/class-ai-readability-ajax.php,171,25,WARNING,WordPress.DB.DirectDatabaseQuery.NoCaching,"Direct database call without caching detected. Consider using wp_cache_get() / wp_cache_set() or wp_cache_delete().",,5,https://playground.wordpress.net/scope:confident-vintage-city/wp-admin/plugin-editor.php?plugin=ai-readability-optimizer%2Fai-readability-optimizer.php&file=ai-readability-optimizer%2Fincludes%2Fclass-ai-readability-ajax.php&line=171
includes/class-ai-readability-ajax.php,171,32,WARNING,PluginCheck.Security.DirectDB.UnescapedDBParameter,"Unescaped parameter $table_name used in $wpdb-&gt;get_results()",,5,https://playground.wordpress.net/scope:confident-vintage-city/wp-admin/plugin-editor.php?plugin=ai-readability-optimizer%2Fai-readability-optimizer.php&file=ai-readability-optimizer%2Fincludes%2Fclass-ai-readability-ajax.php&line=171
includes/class-ai-readability-ajax.php,174,1,WARNING,WordPress.DB.PreparedSQL.InterpolatedNotPrepared,"Use placeholders and $wpdb-&gt;prepare(); found interpolated variable {$table_name} at                 FROM {$table_name} h \n",,5,https://playground.wordpress.net/scope:confident-vintage-city/wp-admin/plugin-editor.php?plugin=ai-readability-optimizer%2Fai-readability-optimizer.php&file=ai-readability-optimizer%2Fincludes%2Fclass-ai-readability-ajax.php&line=174
includes/class-ai-readability-ajax.php,197,26,WARNING,WordPress.Security.NonceVerification.Missing,"Processing form data without nonce verification.",,5,https://playground.wordpress.net/scope:confident-vintage-city/wp-admin/plugin-editor.php?plugin=ai-readability-optimizer%2Fai-readability-optimizer.php&file=ai-readability-optimizer%2Fincludes%2Fclass-ai-readability-ajax.php&line=197
includes/class-ai-readability-ajax.php,197,55,WARNING,WordPress.Security.NonceVerification.Missing,"Processing form data without nonce verification.",,5,https://playground.wordpress.net/scope:confident-vintage-city/wp-admin/plugin-editor.php?plugin=ai-readability-optimizer%2Fai-readability-optimizer.php&file=ai-readability-optimizer%2Fincludes%2Fclass-ai-readability-ajax.php&line=197
includes/class-ai-readability-ajax.php,198,26,WARNING,WordPress.Security.NonceVerification.Missing,"Processing form data without nonce verification.",,5,https://playground.wordpress.net/scope:confident-vintage-city/wp-admin/plugin-editor.php?plugin=ai-readability-optimizer%2Fai-readability-optimizer.php&file=ai-readability-optimizer%2Fincludes%2Fclass-ai-readability-ajax.php&line=198
includes/class-ai-readability-ajax.php,198,53,WARNING,WordPress.Security.NonceVerification.Missing,"Processing form data without nonce verification.",,5,https://playground.wordpress.net/scope:confident-vintage-city/wp-admin/plugin-editor.php?plugin=ai-readability-optimizer%2Fai-readability-optimizer.php&file=ai-readability-optimizer%2Fincludes%2Fclass-ai-readability-ajax.php&line=198
includes/class-ai-readability-ajax.php,199,26,WARNING,WordPress.Security.NonceVerification.Missing,"Processing form data without nonce verification.",,5,https://playground.wordpress.net/scope:confident-vintage-city/wp-admin/plugin-editor.php?plugin=ai-readability-optimizer%2Fai-readability-optimizer.php&file=ai-readability-optimizer%2Fincludes%2Fclass-ai-readability-ajax.php&line=199
includes/class-ai-readability-ajax.php,199,54,WARNING,WordPress.Security.NonceVerification.Missing,"Processing form data without nonce verification.",,5,https://playground.wordpress.net/scope:confident-vintage-city/wp-admin/plugin-editor.php?plugin=ai-readability-optimizer%2Fai-readability-optimizer.php&file=ai-readability-optimizer%2Fincludes%2Fclass-ai-readability-ajax.php&line=199
includes/class-ai-readability-ajax.php,206,18,WARNING,WordPress.DB.DirectDatabaseQuery.DirectQuery,"Use of a direct database call is discouraged.",,5,https://playground.wordpress.net/scope:confident-vintage-city/wp-admin/plugin-editor.php?plugin=ai-readability-optimizer%2Fai-readability-optimizer.php&file=ai-readability-optimizer%2Fincludes%2Fclass-ai-readability-ajax.php&line=206
includes/class-ai-readability-ajax.php,206,18,WARNING,WordPress.DB.DirectDatabaseQuery.NoCaching,"Direct database call without caching detected. Consider using wp_cache_get() / wp_cache_set() or wp_cache_delete().",,5,https://playground.wordpress.net/scope:confident-vintage-city/wp-admin/plugin-editor.php?plugin=ai-readability-optimizer%2Fai-readability-optimizer.php&file=ai-readability-optimizer%2Fincludes%2Fclass-ai-readability-ajax.php&line=206
includes/class-ai-readability-ajax.php,206,25,WARNING,PluginCheck.Security.DirectDB.UnescapedDBParameter,"Unescaped parameter $table_name used in $wpdb-&gt;get_var()",,5,https://playground.wordpress.net/scope:confident-vintage-city/wp-admin/plugin-editor.php?plugin=ai-readability-optimizer%2Fai-readability-optimizer.php&file=ai-readability-optimizer%2Fincludes%2Fclass-ai-readability-ajax.php&line=206
includes/class-ai-readability-ajax.php,208,17,WARNING,WordPress.DB.PreparedSQL.InterpolatedNotPrepared,"Use placeholders and $wpdb-&gt;prepare(); found interpolated variable {$table_name} at &quot;SELECT COUNT(*) FROM {$table_name} WHERE analyzed_at &gt;= %s&quot;",,5,https://playground.wordpress.net/scope:confident-vintage-city/wp-admin/plugin-editor.php?plugin=ai-readability-optimizer%2Fai-readability-optimizer.php&file=ai-readability-optimizer%2Fincludes%2Fclass-ai-readability-ajax.php&line=208
includes/class-ai-readability-ajax.php,213,20,WARNING,WordPress.DB.DirectDatabaseQuery.DirectQuery,"Use of a direct database call is discouraged.",,5,https://playground.wordpress.net/scope:confident-vintage-city/wp-admin/plugin-editor.php?plugin=ai-readability-optimizer%2Fai-readability-optimizer.php&file=ai-readability-optimizer%2Fincludes%2Fclass-ai-readability-ajax.php&line=213
includes/class-ai-readability-ajax.php,213,20,WARNING,WordPress.DB.DirectDatabaseQuery.NoCaching,"Direct database call without caching detected. Consider using wp_cache_get() / wp_cache_set() or wp_cache_delete().",,5,https://playground.wordpress.net/scope:confident-vintage-city/wp-admin/plugin-editor.php?plugin=ai-readability-optimizer%2Fai-readability-optimizer.php&file=ai-readability-optimizer%2Fincludes%2Fclass-ai-readability-ajax.php&line=213
includes/class-ai-readability-ajax.php,213,27,WARNING,PluginCheck.Security.DirectDB.UnescapedDBParameter,"Unescaped parameter $table_name used in $wpdb-&gt;get_results()",,5,https://playground.wordpress.net/scope:confident-vintage-city/wp-admin/plugin-editor.php?plugin=ai-readability-optimizer%2Fai-readability-optimizer.php&file=ai-readability-optimizer%2Fincludes%2Fclass-ai-readability-ajax.php&line=213
includes/class-ai-readability-ajax.php,216,1,WARNING,WordPress.DB.PreparedSQL.InterpolatedNotPrepared,"Use placeholders and $wpdb-&gt;prepare(); found interpolated variable {$table_name} at                 FROM {$table_name} h \n",,5,https://playground.wordpress.net/scope:confident-vintage-city/wp-admin/plugin-editor.php?plugin=ai-readability-optimizer%2Fai-readability-optimizer.php&file=ai-readability-optimizer%2Fincludes%2Fclass-ai-readability-ajax.php&line=216
includes/class-ai-readability-ajax.php,248,25,WARNING,WordPress.Security.NonceVerification.Missing,"Processing form data without nonce verification.",,5,https://playground.wordpress.net/scope:confident-vintage-city/wp-admin/plugin-editor.php?plugin=ai-readability-optimizer%2Fai-readability-optimizer.php&file=ai-readability-optimizer%2Fincludes%2Fclass-ai-readability-ajax.php&line=248
includes/class-ai-readability-ajax.php,248,78,WARNING,WordPress.Security.NonceVerification.Missing,"Processing form data without nonce verification.",,5,https://playground.wordpress.net/scope:confident-vintage-city/wp-admin/plugin-editor.php?plugin=ai-readability-optimizer%2Fai-readability-optimizer.php&file=ai-readability-optimizer%2Fincludes%2Fclass-ai-readability-ajax.php&line=248
includes/class-ai-readability-ajax.php,257,20,WARNING,WordPress.DB.DirectDatabaseQuery.DirectQuery,"Use of a direct database call is discouraged.",,5,https://playground.wordpress.net/scope:confident-vintage-city/wp-admin/plugin-editor.php?plugin=ai-readability-optimizer%2Fai-readability-optimizer.php&file=ai-readability-optimizer%2Fincludes%2Fclass-ai-readability-ajax.php&line=257
includes/class-ai-readability-ajax.php,257,20,WARNING,WordPress.DB.DirectDatabaseQuery.NoCaching,"Direct database call without caching detected. Consider using wp_cache_get() / wp_cache_set() or wp_cache_delete().",,5,https://playground.wordpress.net/scope:confident-vintage-city/wp-admin/plugin-editor.php?plugin=ai-readability-optimizer%2Fai-readability-optimizer.php&file=ai-readability-optimizer%2Fincludes%2Fclass-ai-readability-ajax.php&line=257
includes/class-ai-readability-ajax.php,257,27,WARNING,PluginCheck.Security.DirectDB.UnescapedDBParameter,"Unescaped parameter $table_name used in $wpdb-&gt;get_results()\n$table_name assigned unsafely at line 255.",,10,https://playground.wordpress.net/scope:confident-vintage-city/wp-admin/plugin-editor.php?plugin=ai-readability-optimizer%2Fai-readability-optimizer.php&file=ai-readability-optimizer%2Fincludes%2Fclass-ai-readability-ajax.php&line=257
includes/class-ai-readability-ajax.php,260,1,WARNING,WordPress.DB.PreparedSQL.InterpolatedNotPrepared,"Use placeholders and $wpdb-&gt;prepare(); found interpolated variable {$table_name} at                 FROM {$table_name} h \n",,5,https://playground.wordpress.net/scope:confident-vintage-city/wp-admin/plugin-editor.php?plugin=ai-readability-optimizer%2Fai-readability-optimizer.php&file=ai-readability-optimizer%2Fincludes%2Fclass-ai-readability-ajax.php&line=260
includes/class-ai-readability-ajax.php,293,35,WARNING,WordPress.Security.NonceVerification.Missing,"Processing form data without nonce verification.",,5,https://playground.wordpress.net/scope:confident-vintage-city/wp-admin/plugin-editor.php?plugin=ai-readability-optimizer%2Fai-readability-optimizer.php&file=ai-readability-optimizer%2Fincludes%2Fclass-ai-readability-ajax.php&line=293
includes/class-ai-readability-ajax.php,293,98,WARNING,WordPress.Security.NonceVerification.Missing,"Processing form data without nonce verification.",,5,https://playground.wordpress.net/scope:confident-vintage-city/wp-admin/plugin-editor.php?plugin=ai-readability-optimizer%2Fai-readability-optimizer.php&file=ai-readability-optimizer%2Fincludes%2Fclass-ai-readability-ajax.php&line=293
includes/class-ai-readability-ajax.php,315,27,WARNING,WordPress.Security.NonceVerification.Missing,"Processing form data without nonce verification.",,5,https://playground.wordpress.net/scope:confident-vintage-city/wp-admin/plugin-editor.php?plugin=ai-readability-optimizer%2Fai-readability-optimizer.php&file=ai-readability-optimizer%2Fincludes%2Fclass-ai-readability-ajax.php&line=315
includes/class-ai-readability-ajax.php,315,57,WARNING,WordPress.Security.NonceVerification.Missing,"Processing form data without nonce verification.",,5,https://playground.wordpress.net/scope:confident-vintage-city/wp-admin/plugin-editor.php?plugin=ai-readability-optimizer%2Fai-readability-optimizer.php&file=ai-readability-optimizer%2Fincludes%2Fclass-ai-readability-ajax.php&line=315
includes/class-ai-readability-ajax.php,324,19,WARNING,WordPress.DB.DirectDatabaseQuery.DirectQuery,"Use of a direct database call is discouraged.",,5,https://playground.wordpress.net/scope:confident-vintage-city/wp-admin/plugin-editor.php?plugin=ai-readability-optimizer%2Fai-readability-optimizer.php&file=ai-readability-optimizer%2Fincludes%2Fclass-ai-readability-ajax.php&line=324
includes/class-ai-readability-ajax.php,324,19,WARNING,WordPress.DB.DirectDatabaseQuery.NoCaching,"Direct database call without caching detected. Consider using wp_cache_get() / wp_cache_set() or wp_cache_delete().",,5,https://playground.wordpress.net/scope:confident-vintage-city/wp-admin/plugin-editor.php?plugin=ai-readability-optimizer%2Fai-readability-optimizer.php&file=ai-readability-optimizer%2Fincludes%2Fclass-ai-readability-ajax.php&line=324
includes/class-ai-readability-ajax.php,324,26,WARNING,PluginCheck.Security.DirectDB.UnescapedDBParameter,"Unescaped parameter $table_name used in $wpdb-&gt;get_row()\n$table_name assigned unsafely at line 322.",,5,https://playground.wordpress.net/scope:confident-vintage-city/wp-admin/plugin-editor.php?plugin=ai-readability-optimizer%2Fai-readability-optimizer.php&file=ai-readability-optimizer%2Fincludes%2Fclass-ai-readability-ajax.php&line=324
includes/class-ai-readability-ajax.php,326,17,WARNING,WordPress.DB.PreparedSQL.InterpolatedNotPrepared,"Use placeholders and $wpdb-&gt;prepare(); found interpolated variable {$table_name} at &quot;SELECT analysis_data FROM {$table_name} WHERE post_id = %d ORDER BY analyzed_at DESC LIMIT 1&quot;",,5,https://playground.wordpress.net/scope:confident-vintage-city/wp-admin/plugin-editor.php?plugin=ai-readability-optimizer%2Fai-readability-optimizer.php&file=ai-readability-optimizer%2Fincludes%2Fclass-ai-readability-ajax.php&line=326
includes/class-ai-readability-ajax.php,344,27,WARNING,WordPress.Security.NonceVerification.Missing,"Processing form data without nonce verification.",,5,https://playground.wordpress.net/scope:confident-vintage-city/wp-admin/plugin-editor.php?plugin=ai-readability-optimizer%2Fai-readability-optimizer.php&file=ai-readability-optimizer%2Fincludes%2Fclass-ai-readability-ajax.php&line=344
includes/class-ai-readability-ajax.php,344,79,WARNING,WordPress.Security.NonceVerification.Missing,"Processing form data without nonce verification.",,5,https://playground.wordpress.net/scope:confident-vintage-city/wp-admin/plugin-editor.php?plugin=ai-readability-optimizer%2Fai-readability-optimizer.php&file=ai-readability-optimizer%2Fincludes%2Fclass-ai-readability-ajax.php&line=344
includes/class-ai-readability-ajax.php,345,27,WARNING,WordPress.Security.NonceVerification.Missing,"Processing form data without nonce verification.",,5,https://playground.wordpress.net/scope:confident-vintage-city/wp-admin/plugin-editor.php?plugin=ai-readability-optimizer%2Fai-readability-optimizer.php&file=ai-readability-optimizer%2Fincludes%2Fclass-ai-readability-ajax.php&line=345
includes/class-ai-readability-ajax.php,345,75,WARNING,WordPress.Security.NonceVerification.Missing,"Processing form data without nonce verification.",,5,https://playground.wordpress.net/scope:confident-vintage-city/wp-admin/plugin-editor.php?plugin=ai-readability-optimizer%2Fai-readability-optimizer.php&file=ai-readability-optimizer%2Fincludes%2Fclass-ai-readability-ajax.php&line=345
includes/class-ai-readability-ajax.php,358,44,WARNING,WordPress.Security.NonceVerification.Missing,"Processing form data without nonce verification.",,5,https://playground.wordpress.net/scope:confident-vintage-city/wp-admin/plugin-editor.php?plugin=ai-readability-optimizer%2Fai-readability-optimizer.php&file=ai-readability-optimizer%2Fincludes%2Fclass-ai-readability-ajax.php&line=358
includes/class-ai-readability-ajax.php,359,69,WARNING,WordPress.Security.NonceVerification.Missing,"Processing form data without nonce verification.",,5,https://playground.wordpress.net/scope:confident-vintage-city/wp-admin/plugin-editor.php?plugin=ai-readability-optimizer%2Fai-readability-optimizer.php&file=ai-readability-optimizer%2Fincludes%2Fclass-ai-readability-ajax.php&line=359
includes/class-ai-readability-ajax.php,428,30,WARNING,WordPress.Security.NonceVerification.Missing,"Processing form data without nonce verification.",,5,https://playground.wordpress.net/scope:confident-vintage-city/wp-admin/plugin-editor.php?plugin=ai-readability-optimizer%2Fai-readability-optimizer.php&file=ai-readability-optimizer%2Fincludes%2Fclass-ai-readability-ajax.php&line=428
includes/class-ai-readability-ajax.php,428,88,WARNING,WordPress.Security.NonceVerification.Missing,"Processing form data without nonce verification.",,5,https://playground.wordpress.net/scope:confident-vintage-city/wp-admin/plugin-editor.php?plugin=ai-readability-optimizer%2Fai-readability-optimizer.php&file=ai-readability-optimizer%2Fincludes%2Fclass-ai-readability-ajax.php&line=428
includes/class-ai-readability-ajax.php,448,30,WARNING,WordPress.Security.NonceVerification.Missing,"Processing form data without nonce verification.",,5,https://playground.wordpress.net/scope:confident-vintage-city/wp-admin/plugin-editor.php?plugin=ai-readability-optimizer%2Fai-readability-optimizer.php&file=ai-readability-optimizer%2Fincludes%2Fclass-ai-readability-ajax.php&line=448
includes/class-ai-readability-ajax.php,448,88,WARNING,WordPress.Security.NonceVerification.Missing,"Processing form data without nonce verification.",,5,https://playground.wordpress.net/scope:confident-vintage-city/wp-admin/plugin-editor.php?plugin=ai-readability-optimizer%2Fai-readability-optimizer.php&file=ai-readability-optimizer%2Fincludes%2Fclass-ai-readability-ajax.php&line=448
includes/class-ai-readability-ajax.php,449,30,WARNING,WordPress.Security.NonceVerification.Missing,"Processing form data without nonce verification.",,5,https://playground.wordpress.net/scope:confident-vintage-city/wp-admin/plugin-editor.php?plugin=ai-readability-optimizer%2Fai-readability-optimizer.php&file=ai-readability-optimizer%2Fincludes%2Fclass-ai-readability-ajax.php&line=449
includes/class-ai-readability-ajax.php,449,75,WARNING,WordPress.Security.NonceVerification.Missing,"Processing form data without nonce verification.",,5,https://playground.wordpress.net/scope:confident-vintage-city/wp-admin/plugin-editor.php?plugin=ai-readability-optimizer%2Fai-readability-optimizer.php&file=ai-readability-optimizer%2Fincludes%2Fclass-ai-readability-ajax.php&line=449
includes/class-ai-readability-ajax.php,450,30,WARNING,WordPress.Security.NonceVerification.Missing,"Processing form data without nonce verification.",,5,https://playground.wordpress.net/scope:confident-vintage-city/wp-admin/plugin-editor.php?plugin=ai-readability-optimizer%2Fai-readability-optimizer.php&file=ai-readability-optimizer%2Fincludes%2Fclass-ai-readability-ajax.php&line=450
includes/class-ai-readability-ajax.php,450,86,WARNING,WordPress.Security.NonceVerification.Missing,"Processing form data without nonce verification.",,5,https://playground.wordpress.net/scope:confident-vintage-city/wp-admin/plugin-editor.php?plugin=ai-readability-optimizer%2Fai-readability-optimizer.php&file=ai-readability-optimizer%2Fincludes%2Fclass-ai-readability-ajax.php&line=450
templates/pillar-breakdown.php,7,1,WARNING,WordPress.NamingConventions.PrefixAllGlobals.NonPrefixedVariableFound,"Global variables defined by a theme/plugin should start with the theme/plugin prefix. Found: &quot;$table_name&quot;.",,6,https://playground.wordpress.net/scope:confident-vintage-city/wp-admin/plugin-editor.php?plugin=ai-readability-optimizer%2Fai-readability-optimizer.php&file=ai-readability-optimizer%2Ftemplates%2Fpillar-breakdown.php&line=7
templates/pillar-breakdown.php,8,1,WARNING,WordPress.NamingConventions.PrefixAllGlobals.NonPrefixedVariableFound,"Global variables defined by a theme/plugin should start with the theme/plugin prefix. Found: &quot;$period&quot;.",,6,https://playground.wordpress.net/scope:confident-vintage-city/wp-admin/plugin-editor.php?plugin=ai-readability-optimizer%2Fai-readability-optimizer.php&file=ai-readability-optimizer%2Ftemplates%2Fpillar-breakdown.php&line=8
templates/pillar-breakdown.php,8,18,WARNING,WordPress.Security.NonceVerification.Recommended,"Processing form data without nonce verification.",,5,https://playground.wordpress.net/scope:confident-vintage-city/wp-admin/plugin-editor.php?plugin=ai-readability-optimizer%2Fai-readability-optimizer.php&file=ai-readability-optimizer%2Ftemplates%2Fpillar-breakdown.php&line=8
templates/pillar-breakdown.php,8,46,WARNING,WordPress.Security.NonceVerification.Recommended,"Processing form data without nonce verification.",,5,https://playground.wordpress.net/scope:confident-vintage-city/wp-admin/plugin-editor.php?plugin=ai-readability-optimizer%2Fai-readability-optimizer.php&file=ai-readability-optimizer%2Ftemplates%2Fpillar-breakdown.php&line=8
templates/pillar-breakdown.php,9,1,WARNING,WordPress.NamingConventions.PrefixAllGlobals.NonPrefixedVariableFound,"Global variables defined by a theme/plugin should start with the theme/plugin prefix. Found: &quot;$date_limit&quot;.",,6,https://playground.wordpress.net/scope:confident-vintage-city/wp-admin/plugin-editor.php?plugin=ai-readability-optimizer%2Fai-readability-optimizer.php&file=ai-readability-optimizer%2Ftemplates%2Fpillar-breakdown.php&line=9
templates/pillar-breakdown.php,11,1,WARNING,WordPress.NamingConventions.PrefixAllGlobals.NonPrefixedVariableFound,"Global variables defined by a theme/plugin should start with the theme/plugin prefix. Found: &quot;$averages&quot;.",,6,https://playground.wordpress.net/scope:confident-vintage-city/wp-admin/plugin-editor.php?plugin=ai-readability-optimizer%2Fai-readability-optimizer.php&file=ai-readability-optimizer%2Ftemplates%2Fpillar-breakdown.php&line=11
templates/pillar-breakdown.php,11,13,WARNING,WordPress.DB.DirectDatabaseQuery.DirectQuery,"Use of a direct database call is discouraged.",,5,https://playground.wordpress.net/scope:confident-vintage-city/wp-admin/plugin-editor.php?plugin=ai-readability-optimizer%2Fai-readability-optimizer.php&file=ai-readability-optimizer%2Ftemplates%2Fpillar-breakdown.php&line=11
templates/pillar-breakdown.php,11,13,WARNING,WordPress.DB.DirectDatabaseQuery.NoCaching,"Direct database call without caching detected. Consider using wp_cache_get() / wp_cache_set() or wp_cache_delete().",,5,https://playground.wordpress.net/scope:confident-vintage-city/wp-admin/plugin-editor.php?plugin=ai-readability-optimizer%2Fai-readability-optimizer.php&file=ai-readability-optimizer%2Ftemplates%2Fpillar-breakdown.php&line=11
templates/pillar-breakdown.php,17,1,WARNING,WordPress.DB.PreparedSQL.InterpolatedNotPrepared,"Use placeholders and $wpdb-&gt;prepare(); found interpolated variable {$table_name} at         FROM {$table_name} \n",,5,https://playground.wordpress.net/scope:confident-vintage-city/wp-admin/plugin-editor.php?plugin=ai-readability-optimizer%2Fai-readability-optimizer.php&file=ai-readability-optimizer%2Ftemplates%2Fpillar-breakdown.php&line=17
templates/pillar-breakdown.php,25,1,WARNING,WordPress.NamingConventions.PrefixAllGlobals.NonPrefixedVariableFound,"Global variables defined by a theme/plugin should start with the theme/plugin prefix. Found: &quot;$digital_authority&quot;.",,6,https://playground.wordpress.net/scope:confident-vintage-city/wp-admin/plugin-editor.php?plugin=ai-readability-optimizer%2Fai-readability-optimizer.php&file=ai-readability-optimizer%2Ftemplates%2Fpillar-breakdown.php&line=25
templates/pillar-breakdown.php,26,1,WARNING,WordPress.NamingConventions.PrefixAllGlobals.NonPrefixedVariableFound,"Global variables defined by a theme/plugin should start with the theme/plugin prefix. Found: &quot;$conversion_readiness&quot;.",,6,https://playground.wordpress.net/scope:confident-vintage-city/wp-admin/plugin-editor.php?plugin=ai-readability-optimizer%2Fai-readability-optimizer.php&file=ai-readability-optimizer%2Ftemplates%2Fpillar-breakdown.php&line=26
templates/pillar-breakdown.php,27,1,WARNING,WordPress.NamingConventions.PrefixAllGlobals.NonPrefixedVariableFound,"Global variables defined by a theme/plugin should start with the theme/plugin prefix. Found: &quot;$overall_score&quot;.",,6,https://playground.wordpress.net/scope:confident-vintage-city/wp-admin/plugin-editor.php?plugin=ai-readability-optimizer%2Fai-readability-optimizer.php&file=ai-readability-optimizer%2Ftemplates%2Fpillar-breakdown.php&line=27
templates/pillar-breakdown.php,31,1,WARNING,WordPress.NamingConventions.PrefixAllGlobals.NonPrefixedVariableFound,"Global variables defined by a theme/plugin should start with the theme/plugin prefix. Found: &quot;$ai_semantic&quot;.",,6,https://playground.wordpress.net/scope:confident-vintage-city/wp-admin/plugin-editor.php?plugin=ai-readability-optimizer%2Fai-readability-optimizer.php&file=ai-readability-optimizer%2Ftemplates%2Fpillar-breakdown.php&line=31
templates/pillar-breakdown.php,32,1,WARNING,WordPress.NamingConventions.PrefixAllGlobals.NonPrefixedVariableFound,"Global variables defined by a theme/plugin should start with the theme/plugin prefix. Found: &quot;$ai_read_score&quot;.",,6,https://playground.wordpress.net/scope:confident-vintage-city/wp-admin/plugin-editor.php?plugin=ai-readability-optimizer%2Fai-readability-optimizer.php&file=ai-readability-optimizer%2Ftemplates%2Fpillar-breakdown.php&line=32
templates/pillar-breakdown.php,33,1,WARNING,WordPress.NamingConventions.PrefixAllGlobals.NonPrefixedVariableFound,"Global variables defined by a theme/plugin should start with the theme/plugin prefix. Found: &quot;$ai_structure&quot;.",,6,https://playground.wordpress.net/scope:confident-vintage-city/wp-admin/plugin-editor.php?plugin=ai-readability-optimizer%2Fai-readability-optimizer.php&file=ai-readability-optimizer%2Ftemplates%2Fpillar-breakdown.php&line=33
templates/pillar-breakdown.php,35,1,WARNING,WordPress.NamingConventions.PrefixAllGlobals.NonPrefixedVariableFound,"Global variables defined by a theme/plugin should start with the theme/plugin prefix. Found: &quot;$da_entity&quot;.",,6,https://playground.wordpress.net/scope:confident-vintage-city/wp-admin/plugin-editor.php?plugin=ai-readability-optimizer%2Fai-readability-optimizer.php&file=ai-readability-optimizer%2Ftemplates%2Fpillar-breakdown.php&line=35
templates/pillar-breakdown.php,36,1,WARNING,WordPress.NamingConventions.PrefixAllGlobals.NonPrefixedVariableFound,"Global variables defined by a theme/plugin should start with the theme/plugin prefix. Found: &quot;$da_citation&quot;.",,6,https://playground.wordpress.net/scope:confident-vintage-city/wp-admin/plugin-editor.php?plugin=ai-readability-optimizer%2Fai-readability-optimizer.php&file=ai-readability-optimizer%2Ftemplates%2Fpillar-breakdown.php&line=36
templates/pillar-breakdown.php,37,1,WARNING,WordPress.NamingConventions.PrefixAllGlobals.NonPrefixedVariableFound,"Global variables defined by a theme/plugin should start with the theme/plugin prefix. Found: &quot;$da_schema&quot;.",,6,https://playground.wordpress.net/scope:confident-vintage-city/wp-admin/plugin-editor.php?plugin=ai-readability-optimizer%2Fai-readability-optimizer.php&file=ai-readability-optimizer%2Ftemplates%2Fpillar-breakdown.php&line=37
templates/pillar-breakdown.php,39,1,WARNING,WordPress.NamingConventions.PrefixAllGlobals.NonPrefixedVariableFound,"Global variables defined by a theme/plugin should start with the theme/plugin prefix. Found: &quot;$cr_alignment&quot;.",,6,https://playground.wordpress.net/scope:confident-vintage-city/wp-admin/plugin-editor.php?plugin=ai-readability-optimizer%2Fai-readability-optimizer.php&file=ai-readability-optimizer%2Ftemplates%2Fpillar-breakdown.php&line=39
templates/pillar-breakdown.php,40,1,WARNING,WordPress.NamingConventions.PrefixAllGlobals.NonPrefixedVariableFound,"Global variables defined by a theme/plugin should start with the theme/plugin prefix. Found: &quot;$cr_qa&quot;.",,6,https://playground.wordpress.net/scope:confident-vintage-city/wp-admin/plugin-editor.php?plugin=ai-readability-optimizer%2Fai-readability-optimizer.php&file=ai-readability-optimizer%2Ftemplates%2Fpillar-breakdown.php&line=40
templates/pillar-breakdown.php,41,1,WARNING,WordPress.NamingConventions.PrefixAllGlobals.NonPrefixedVariableFound,"Global variables defined by a theme/plugin should start with the theme/plugin prefix. Found: &quot;$cr_metadata&quot;.",,6,https://playground.wordpress.net/scope:confident-vintage-city/wp-admin/plugin-editor.php?plugin=ai-readability-optimizer%2Fai-readability-optimizer.php&file=ai-readability-optimizer%2Ftemplates%2Fpillar-breakdown.php&line=41
uninstall.php,21,1,WARNING,WordPress.NamingConventions.PrefixAllGlobals.NonPrefixedVariableFound,"Global variables defined by a theme/plugin should start with the theme/plugin prefix. Found: &quot;$table_name&quot;.",,6,https://playground.wordpress.net/scope:confident-vintage-city/wp-admin/plugin-editor.php?plugin=ai-readability-optimizer%2Fai-readability-optimizer.php&file=ai-readability-optimizer%2Funinstall.php&line=21
uninstall.php,22,1,WARNING,WordPress.DB.DirectDatabaseQuery.DirectQuery,"Use of a direct database call is discouraged.",,5,https://playground.wordpress.net/scope:confident-vintage-city/wp-admin/plugin-editor.php?plugin=ai-readability-optimizer%2Fai-readability-optimizer.php&file=ai-readability-optimizer%2Funinstall.php&line=22
uninstall.php,22,1,WARNING,WordPress.DB.DirectDatabaseQuery.NoCaching,"Direct database call without caching detected. Consider using wp_cache_get() / wp_cache_set() or wp_cache_delete().",,5,https://playground.wordpress.net/scope:confident-vintage-city/wp-admin/plugin-editor.php?plugin=ai-readability-optimizer%2Fai-readability-optimizer.php&file=ai-readability-optimizer%2Funinstall.php&line=22
uninstall.php,22,8,WARNING,PluginCheck.Security.DirectDB.UnescapedDBParameter,"Unescaped parameter $table_name used in $wpdb-&gt;query()\n$table_name assigned unsafely at line 21.",,5,https://playground.wordpress.net/scope:confident-vintage-city/wp-admin/plugin-editor.php?plugin=ai-readability-optimizer%2Fai-readability-optimizer.php&file=ai-readability-optimizer%2Funinstall.php&line=22
uninstall.php,22,15,WARNING,WordPress.DB.PreparedSQL.InterpolatedNotPrepared,"Use placeholders and $wpdb-&gt;prepare(); found interpolated variable {$table_name} at &quot;DROP TABLE IF EXISTS {$table_name}&quot;",,5,https://playground.wordpress.net/scope:confident-vintage-city/wp-admin/plugin-editor.php?plugin=ai-readability-optimizer%2Fai-readability-optimizer.php&file=ai-readability-optimizer%2Funinstall.php&line=22
uninstall.php,22,15,WARNING,WordPress.DB.DirectDatabaseQuery.SchemaChange,"Attempting a database schema change is discouraged.",,5,https://playground.wordpress.net/scope:confident-vintage-city/wp-admin/plugin-editor.php?plugin=ai-readability-optimizer%2Fai-readability-optimizer.php&file=ai-readability-optimizer%2Funinstall.php&line=22
uninstall.php,24,1,WARNING,WordPress.NamingConventions.PrefixAllGlobals.NonPrefixedVariableFound,"Global variables defined by a theme/plugin should start with the theme/plugin prefix. Found: &quot;$users&quot;.",,6,https://playground.wordpress.net/scope:confident-vintage-city/wp-admin/plugin-editor.php?plugin=ai-readability-optimizer%2Fai-readability-optimizer.php&file=ai-readability-optimizer%2Funinstall.php&line=24
uninstall.php,25,21,WARNING,WordPress.NamingConventions.PrefixAllGlobals.NonPrefixedVariableFound,"Global variables defined by a theme/plugin should start with the theme/plugin prefix. Found: &quot;$user_id&quot;.",,6,https://playground.wordpress.net/scope:confident-vintage-city/wp-admin/plugin-editor.php?plugin=ai-readability-optimizer%2Fai-readability-optimizer.php&file=ai-readability-optimizer%2Funinstall.php&line=25
includes/api/class-ai-readability-ai-backend.php,178,46,WARNING,WordPress.NamingConventions.PrefixAllGlobals.NonPrefixedHooknameFound,"Hook names invoked by a theme/plugin should start with the theme/plugin prefix. Found: &quot;the_content&quot;.",,6,https://playground.wordpress.net/scope:confident-vintage-city/wp-admin/plugin-editor.php?plugin=ai-readability-optimizer%2Fai-readability-optimizer.php&file=ai-readability-optimizer%2Fincludes%2Fapi%2Fclass-ai-readability-ai-backend.php&line=178
templates/help.php,6,1,WARNING,WordPress.NamingConventions.PrefixAllGlobals.NonPrefixedVariableFound,"Global variables defined by a theme/plugin should start with the theme/plugin prefix. Found: &quot;$troubleshooting_items&quot;.",,6,https://playground.wordpress.net/scope:confident-vintage-city/wp-admin/plugin-editor.php?plugin=ai-readability-optimizer%2Fai-readability-optimizer.php&file=ai-readability-optimizer%2Ftemplates%2Fhelp.php&line=6
templates/help.php,73,55,WARNING,WordPress.NamingConventions.PrefixAllGlobals.NonPrefixedVariableFound,"Global variables defined by a theme/plugin should start with the theme/plugin prefix. Found: &quot;$item&quot;.",,6,https://playground.wordpress.net/scope:confident-vintage-city/wp-admin/plugin-editor.php?plugin=ai-readability-optimizer%2Fai-readability-optimizer.php&file=ai-readability-optimizer%2Ftemplates%2Fhelp.php&line=73
templates/help.php,80,59,WARNING,WordPress.NamingConventions.PrefixAllGlobals.NonPrefixedVariableFound,"Global variables defined by a theme/plugin should start with the theme/plugin prefix. Found: &quot;$step&quot;.",,6,https://playground.wordpress.net/scope:confident-vintage-city/wp-admin/plugin-editor.php?plugin=ai-readability-optimizer%2Fai-readability-optimizer.php&file=ai-readability-optimizer%2Ftemplates%2Fhelp.php&line=80
